"year","age","sex","people","perc"
2000,15,1,14480367,12.3
2000,20,1,16346745,13.9
2000,25,1,14468665,12.3
2000,30,1,13436025,11.4
2000,35,1,12497963,10.7
2000,40,1,10779160,9.1
2000,45,1,8928759,7.6
2000,50,1,7105097,6.0
2000,55,1,5445582,4.6
2000,60,1,4513522,3.8
2000,65,1,3493661,3.0
2000,70,1,2696950,2.3
2000,75,1,1759132,1.4
2000,80,1,994067,0.8
2000,85,1,493932,0.5
2000,90,1,284467,0.3
2001,15,1,14549419,12.1
2001,20,1,16738956,13.9
2001,25,1,14751901,12.3
2001,30,1,13572135,11.3
2001,35,1,12699486,10.5
2001,40,1,11103110,9.2
2001,45,1,9245644,7.7
2001,50,1,7404596,6.2
2001,55,1,5652053,4.7
2001,60,1,4611832,3.8
2001,65,1,3589547,3.0
2001,70,1,2756503,2.3
2001,75,1,1832671,1.6
2001,80,1,1031252,0.8
2001,85,1,496283,0.5
2001,90,1,290396,0.3
2002,15,1,14487638,11.8
2002,20,1,17146912,13.9
2002,25,1,15074831,12.3
2002,30,1,13712393,11.2
2002,35,1,12860762,10.5
2002,40,1,11430728,9.3
2002,45,1,9561223,7.8
2002,50,1,7704810,6.2
2002,55,1,5900595,4.8
2002,60,1,4697462,3.8
2002,65,1,3706117,3.0
2002,70,1,2805444,2.3
2002,75,1,1912831,1.6
2002,80,1,1072847,0.9
2002,85,1,507823,0.5
2002,90,1,294994,0.3
2003,15,1,14328416,11.4
2003,20,1,17525805,14.0
2003,25,1,15429819,12.3
2003,30,1,13870533,11.0
2003,35,1,12994475,10.3
2003,40,1,11748126,9.4
2003,45,1,9876810,7.8
2003,50,1,8006479,6.4
2003,55,1,6179657,4.9
2003,60,1,4787311,3.8
2003,65,1,3833079,3.1
2003,70,1,2853004,2.3
2003,75,1,1993863,1.6
2003,80,1,1119013,0.9
2003,85,1,525567,0.5
2003,90,1,300000,0.3
2004,15,1,14140634,11.1
2004,20,1,17809769,13.9
2004,25,1,15805016,12.4
2004,30,1,14065051,11.0
2004,35,1,13120828,10.3
2004,40,1,12034508,9.4
2004,45,1,10195079,8.0
2004,50,1,8312316,6.5
2004,55,1,6470614,5.1
2004,60,1,4906585,3.9
2004,65,1,3954731,3.1
2004,70,1,2912039,2.3
2004,75,1,2068284,1.6
2004,80,1,1170440,0.9
2004,85,1,547520,0.5
2004,90,1,306124,0.3
2005,15,1,13986088,10.7
2005,20,1,17960346,13.8
2005,25,1,16188242,12.4
2005,30,1,14306505,11.0
2005,35,1,13254354,10.1
2005,40,1,12278037,9.4
2005,45,1,10516466,8.0
2005,50,1,8623561,6.6
2005,55,1,6761728,5.2
2005,60,1,5069578,3.9
2005,65,1,4063480,3.1
2005,70,1,2989210,2.3
2005,75,1,2133020,1.6
2005,80,1,1226862,1.0
2005,85,1,572304,0.5
2005,90,1,313427,0.3
2006,15,1,13877611,10.5
2006,20,1,17983683,13.5
2006,25,1,16579582,12.5
2006,30,1,14590689,11.0
2006,35,1,13393467,10.1
2006,40,1,12482076,9.4
2006,45,1,10839702,8.2
2006,50,1,8937019,6.8
2006,55,1,7054866,5.3
2006,60,1,5271797,4.0
2006,65,1,4162692,3.1
2006,70,1,3082622,2.3
2006,75,1,2190158,1.7
2006,80,1,1287905,1.0
2006,85,1,600073,0.5
2006,90,1,323395,0.3
2007,15,1,13814273,10.2
2007,20,1,17871791,13.3
2007,25,1,16986197,12.6
2007,30,1,14913958,11.0
2007,35,1,13536501,10.1
2007,40,1,12646465,9.4
2007,45,1,11166621,8.2
2007,50,1,9249416,6.8
2007,55,1,7349075,5.4
2007,60,1,5513487,4.1
2007,65,1,4250785,3.1
2007,70,1,3194031,2.3
2007,75,1,2239350,1.7
2007,80,1,1354364,1.0
2007,85,1,630986,0.5
2007,90,1,337097,0.3
2008,15,1,13782856,10.0
2008,20,1,17674357,12.9
2008,25,1,17363699,12.6
2008,30,1,15268717,11.1
2008,35,1,13697042,9.9
2008,40,1,12783678,9.3
2008,45,1,11483586,8.4
2008,50,1,9561999,7.0
2008,55,1,7644993,5.6
2008,60,1,5783963,4.2
2008,65,1,4343115,3.1
2008,70,1,3314471,2.5
2008,75,1,2287859,1.7
2008,80,1,1421793,1.0
2008,85,1,665093,0.5
2008,90,1,353863,0.3
2009,15,1,13761500,9.8
2009,20,1,17472598,12.5
2009,25,1,17646823,12.6
2009,30,1,15643256,11.2
2009,35,1,13893386,9.9
2009,40,1,12913450,9.3
2009,45,1,11770215,8.4
2009,50,1,9877343,7.1
2009,55,1,7945147,5.7
2009,60,1,6065924,4.3
2009,65,1,4462513,3.1
2009,70,1,3430343,2.5
2009,75,1,2345842,1.7
2009,80,1,1484515,1.0
2009,85,1,702752,0.5
2009,90,1,373058,0.3
2010,15,1,13736966,9.7
2010,20,1,17319107,12.2
2010,25,1,17797553,12.5
2010,30,1,16025477,11.2
2010,35,1,14135911,9.9
2010,40,1,13050164,9.2
2010,45,1,12014841,8.4
2010,50,1,10195824,7.2
2010,55,1,8250688,5.8
2010,60,1,6348447,4.5
2010,65,1,4621978,3.3
2010,70,1,3535046,2.5
2010,75,1,2418507,1.7
2010,80,1,1540149,1.1
2010,85,1,743640,0.5
2010,90,1,394087,0.3
2011,15,1,13717916,9.5
2011,20,1,17205781,11.9
2011,25,1,17822613,12.3
2011,30,1,16415898,11.4
2011,35,1,14420686,10.0
2011,40,1,13192312,9.1
2011,45,1,12220897,8.4
2011,50,1,10516455,7.3
2011,55,1,8558690,5.9
2011,60,1,6633208,4.5
2011,65,1,4817408,3.3
2011,70,1,3631693,2.5
2011,75,1,2504505,1.7
2011,80,1,1590517,1.1
2011,85,1,787832,0.5
2011,90,1,417546,0.3
2012,15,1,13707495,9.3
2012,20,1,17136273,11.7
2012,25,1,17714321,12.1
2012,30,1,16821840,11.4
2012,35,1,14744294,10.1
2012,40,1,13338350,9.1
2012,45,1,12388253,8.4
2012,50,1,10841091,7.4
2012,55,1,8866088,6.1
2012,60,1,6919282,4.7
2012,65,1,5048950,3.5
2012,70,1,3718984,2.5
2012,75,1,2605448,1.7
2012,80,1,1635653,1.1
2012,85,1,836135,0.6
2012,90,1,443870,0.3
2013,15,1,13703876,9.2
2013,20,1,17101326,11.5
2013,25,1,17521645,11.7
2013,30,1,17199263,11.6
2013,35,1,15099170,10.1
2013,40,1,13501597,9.1
2013,45,1,12528960,8.4
2013,50,1,11156334,7.5
2013,55,1,9174062,6.1
2013,60,1,7207232,4.9
2013,65,1,5306850,3.5
2013,70,1,3810343,2.5
2013,75,1,2713799,1.9
2013,80,1,1680744,1.1
2013,85,1,885459,0.6
2013,90,1,472891,0.3
2014,15,1,13705716,9.1
2014,20,1,17079105,11.3
2014,25,1,17325091,11.5
2014,30,1,17483642,11.6
2014,35,1,15473785,10.2
2014,40,1,13700143,9.1
2014,45,1,12662331,8.4
2014,50,1,11442231,7.6
2014,55,1,9485114,6.3
2014,60,1,7499452,4.9
2014,65,1,5575432,3.7
2014,70,1,3925728,2.6
2014,75,1,2818329,1.9
2014,80,1,1733123,1.2
2014,85,1,931944,0.6
2014,90,1,504610,0.3
2015,15,1,13709945,8.9
2015,20,1,17056423,11.1
2015,25,1,17176808,11.2
2015,30,1,17637407,11.4
2015,35,1,15856255,10.3
2015,40,1,13944226,9.1
2015,45,1,12802397,8.4
2015,50,1,11687344,7.6
2015,55,1,9799612,6.3
2015,60,1,7797050,5.1
2015,65,1,5844703,3.8
2015,70,1,4076511,2.7
2015,75,1,2913596,1.9
2015,80,1,1796449,1.2
2015,85,1,973943,0.6
2015,90,1,538633,0.3
2016,15,1,13706148,8.8
2016,20,1,17040654,10.9
2016,25,1,17068601,10.9
2016,30,1,17666798,11.4
2016,35,1,16246942,10.4
2016,40,1,14230010,9.1
2016,45,1,12947682,8.3
2016,50,1,11894903,7.6
2016,55,1,10116412,6.5
2016,60,1,8097251,5.2
2016,65,1,6116344,3.9
2016,70,1,4259166,2.7
2016,75,1,3002421,1.9
2016,80,1,1869824,1.2
2016,85,1,1012885,0.6
2016,90,1,575570,0.4
2017,15,1,13731884,8.7
2017,20,1,17034257,10.7
2017,25,1,17003793,10.7
2017,30,1,17563875,11.2
2017,35,1,16652990,10.5
2017,40,1,14554024,9.2
2017,45,1,13096707,8.3
2017,50,1,12064747,7.6
2017,55,1,10437153,6.6
2017,60,1,8397098,5.3
2017,65,1,6389645,4.1
2017,70,1,4473931,2.8
2017,75,1,3084038,1.9
2017,80,1,1954490,1.2
2017,85,1,1049081,0.6
2017,90,1,616336,0.4
2018,15,1,13713607,8.6
2018,20,1,17035512,10.7
2018,25,1,16973092,10.6
2018,30,1,17377213,10.8
2018,35,1,17030859,10.6
2018,40,1,14908841,9.3
2018,45,1,13262537,8.3
2018,50,1,12208578,7.6
2018,55,1,10748841,6.7
2018,60,1,8697681,5.4
2018,65,1,6665075,4.2
2018,70,1,4712250,2.9
2018,75,1,3169590,1.9
2018,80,1,2044693,1.3
2018,85,1,1085738,0.7
2018,90,1,659136,0.4
2019,15,1,13651784,8.4
2019,20,1,17041319,10.5
2019,25,1,16954854,10.5
2019,30,1,17186554,10.6
2019,35,1,17316692,10.7
2019,40,1,15283177,9.5
2019,45,1,13462945,8.3
2019,50,1,12345155,7.6
2019,55,1,11032142,6.8
2019,60,1,9001331,5.5
2019,65,1,6944755,4.3
2019,70,1,4960344,3.1
2019,75,1,3275690,2.0
2019,80,1,2131881,1.3
2019,85,1,1127421,0.7
2019,90,1,701803,0.4
2020,15,1,13554347,8.2
2020,20,1,17040111,10.3
2020,25,1,16935971,10.3
2020,30,1,17043597,10.4
2020,35,1,17473250,10.6
2020,40,1,15665301,9.5
2020,45,1,13708027,8.3
2020,50,1,12488105,7.6
2020,55,1,11276016,6.9
2020,60,1,9308355,5.7
2020,65,1,7229599,4.4
2020,70,1,5209414,3.2
2020,75,1,3411743,2.1
2020,80,1,2212046,1.3
2020,85,1,1176296,0.8
2020,90,1,743209,0.4
2021,15,1,13381873,8.0
2021,20,1,17068581,10.3
2021,25,1,16923258,10.1
2021,30,1,16939759,10.2
2021,35,1,17506233,10.5
2021,40,1,16055346,9.7
2021,45,1,13993809,8.4
2021,50,1,12635859,7.6
2021,55,1,11483451,6.9
2021,60,1,9617564,5.8
2021,65,1,7517010,4.5
2021,70,1,5460931,3.3
2021,75,1,3574724,2.1
2021,80,1,2287583,1.3
2021,85,1,1231832,0.8
2021,90,1,784647,0.5
2022,15,1,13205692,7.8
2022,20,1,17053920,10.1
2022,25,1,16919166,10.1
2022,30,1,16878260,10.0
2022,35,1,17407692,10.3
2022,40,1,16460310,9.7
2022,45,1,14316876,8.5
2022,50,1,12786967,7.6
2022,55,1,11654298,6.9
2022,60,1,9930456,5.9
2022,65,1,7804232,4.6
2022,70,1,5714314,3.4
2022,75,1,3764731,2.2
2022,80,1,2358190,1.4
2022,85,1,1294967,0.8
2022,90,1,826871,0.5
2023,15,1,13025606,7.7
2023,20,1,16995118,10.0
2023,25,1,16922538,9.9
2023,30,1,16850436,9.9
2023,35,1,17226018,10.1
2023,40,1,16837386,9.9
2023,45,1,14670172,8.6
2023,50,1,12954362,7.6
2023,55,1,11799936,6.9
2023,60,1,10234695,6.0
2023,65,1,8092297,4.8
2023,70,1,5970010,3.5
2023,75,1,3974631,2.3
2023,80,1,2432504,1.5
2023,85,1,1361753,0.8
2023,90,1,870707,0.5
2024,15,1,12843016,7.5
2024,20,1,16891549,9.8
2024,25,1,16930314,9.9
2024,30,1,16834793,9.8
2024,35,1,17040165,9.9
2024,40,1,17123463,9.9
2024,45,1,15042635,8.7
2024,50,1,13155430,7.6
2024,55,1,11938419,6.9
2024,60,1,10511746,6.1
2024,65,1,8383370,4.8
2024,70,1,6229791,3.6
2024,75,1,4193005,2.4
2024,80,1,2523248,1.5
2024,85,1,1426443,0.8
2024,90,1,917482,0.6
2025,15,1,12659814,7.3
2025,20,1,16751282,9.6
2025,25,1,16931005,9.7
2025,30,1,16818332,9.7
2025,35,1,16901400,9.8
2025,40,1,17281684,9.9
2025,45,1,15422795,8.9
2025,50,1,13400074,7.8
2025,55,1,12082892,6.9
2025,60,1,10751046,6.2
2025,65,1,8677688,5.0
2025,70,1,6494438,3.8
2025,75,1,4412524,2.6
2025,80,1,2637518,1.5
2025,85,1,1486408,0.8
2025,90,1,967667,0.6
2026,15,1,12477751,7.1
2026,20,1,16535635,9.4
2026,25,1,16961101,9.7
2026,30,1,16808024,9.6
2026,35,1,16801408,9.6
2026,40,1,17317777,9.9
2026,45,1,15810822,9.0
2026,50,1,13684429,7.8
2026,55,1,12231912,7.0
2026,60,1,10955553,6.3
2026,65,1,8974099,5.2
2026,70,1,6761620,3.8
2026,75,1,4634545,2.6
2026,80,1,2772874,1.5
2026,85,1,1543578,0.9
2026,90,1,1021541,0.6
2027,15,1,12299042,6.9
2027,20,1,16315694,9.2
2027,25,1,16948291,9.5
2027,30,1,16806308,9.5
2027,35,1,16743404,9.4
2027,40,1,17223837,9.7
2027,45,1,16213587,9.2
2027,50,1,14005163,8.0
2027,55,1,12384079,7.0
2027,60,1,11125130,6.3
2027,65,1,9274015,5.2
2027,70,1,7028840,4.0
2027,75,1,4858662,2.8
2027,80,1,2929285,1.7
2027,85,1,1598035,0.9
2027,90,1,1080039,0.6
2028,15,1,12125338,6.8
2028,20,1,16091849,9.0
2028,25,1,16891484,9.5
2028,30,1,16811842,9.4
2028,35,1,16718640,9.4
2028,40,1,17047576,9.5
2028,45,1,16588846,9.3
2028,50,1,14355374,8.0
2028,55,1,12551911,7.0
2028,60,1,11270592,6.3
2028,65,1,9565761,5.4
2028,70,1,7297004,4.1
2028,75,1,5085164,2.8
2028,80,1,3101226,1.7
2028,85,1,1655710,0.9
2028,90,1,1141217,0.6
2029,15,1,11957622,6.7
2029,20,1,15866200,8.8
2029,25,1,16790085,9.3
2029,30,1,16821580,9.4
2029,35,1,16705807,9.3
2029,40,1,16867037,9.4
2029,45,1,16874409,9.4
2029,50,1,14724314,8.2
2029,55,1,12752285,7.1
2029,60,1,11409142,6.3
2029,65,1,9831897,5.4
2029,70,1,7568054,4.2
2029,75,1,5315456,3.0
2029,80,1,3279955,1.8
2029,85,1,1725232,1.0
2029,90,1,1202457,0.7
2030,15,1,11796599,6.5
2030,20,1,15640863,8.6
2030,25,1,16652108,9.2
2030,30,1,16824134,9.3
2030,35,1,16691976,9.2
2030,40,1,16732938,9.3
2030,45,1,17033914,9.4
2030,50,1,15100814,8.4
2030,55,1,12994816,7.2
2030,60,1,11553270,6.4
2030,65,1,10062488,5.6
2030,70,1,7842140,4.3
2030,75,1,5550102,3.0
2030,80,1,3459893,1.9
2030,85,1,1811290,1.0
2030,90,1,1262580,0.7
2031,15,1,11641927,6.4
2031,20,1,15417872,8.5
2031,25,1,16438680,9.1
2031,30,1,16855264,9.3
2031,35,1,16683731,9.2
2031,40,1,16636707,9.1
2031,45,1,17072761,9.3
2031,50,1,15484918,8.5
2031,55,1,13275689,7.3
2031,60,1,11701530,6.4
2031,65,1,10260382,5.6
2031,70,1,8118157,4.4
2031,75,1,5787045,3.2
2031,80,1,3642108,2.0
2031,85,1,1911986,1.1
2031,90,1,1323921,0.7
2032,15,1,11493549,6.3
2032,20,1,15199907,8.3
2032,25,1,16221151,8.9
2032,30,1,16843734,9.2
2032,35,1,16683896,9.0
2032,40,1,16581845,9.0
2032,45,1,16983383,9.3
2032,50,1,15883582,8.6
2032,55,1,13591840,7.4
2032,60,1,11852814,6.5
2032,65,1,10425744,5.6
2032,70,1,8397420,4.6
2032,75,1,6024149,3.3
2032,80,1,3826318,2.0
2032,85,1,2027081,1.1
2032,90,1,1386363,0.7
2033,15,1,11350836,6.1
2033,20,1,14988582,8.1
2033,25,1,15999769,8.7
2033,30,1,16788460,9.1
2033,35,1,16691100,9.0
2033,40,1,16559723,9.0
2033,45,1,16812818,9.1
2033,50,1,16255288,8.8
2033,55,1,13936571,7.6
2033,60,1,12019094,6.5
2033,65,1,10568612,5.8
2033,70,1,8669173,4.7
2033,75,1,6262184,3.4
2033,80,1,4012703,2.2
2033,85,1,2152704,1.1
2033,90,1,1452409,0.7
2034,15,1,11213157,6.1
2034,20,1,14784873,8.0
2034,25,1,15776573,8.5
2034,30,1,16688868,9.0
2034,35,1,16702358,9.0
2034,40,1,16549248,8.9
2034,45,1,16637972,8.9
2034,50,1,16538991,8.9
2034,55,1,14299605,7.7
2034,60,1,12216618,6.5
2034,65,1,10705014,5.8
2034,70,1,8917478,4.8
2034,75,1,6502853,3.5
2034,80,1,4202249,2.2
2034,85,1,2282994,1.3
2034,90,1,1525643,0.9
2035,15,1,11079991,5.9
2035,20,1,14589391,7.8
2035,25,1,15553654,8.3
2035,30,1,16552872,8.9
2035,35,1,16706421,9.0
2035,40,1,16537642,8.9
2035,45,1,16508759,8.9
2035,50,1,16698964,9.0
2035,55,1,14670166,7.9
2035,60,1,12454642,6.7
2035,65,1,10846599,5.8
2035,70,1,9133333,4.9
2035,75,1,6746305,3.7
2035,80,1,4395326,2.4
2035,85,1,2414239,1.3
2035,90,1,1607923,0.9
2036,15,1,10951038,5.9
2036,20,1,14401683,7.7
2036,25,1,15333484,8.1
2036,30,1,16342484,8.7
2036,35,1,16739353,9.0
2036,40,1,16531891,8.8
2036,45,1,16417021,8.7
2036,50,1,16740742,9.0
2036,55,1,15048319,8.0
2036,60,1,12729500,6.8
2036,65,1,10992096,5.8
2036,70,1,9319566,5.0
2036,75,1,6991589,3.7
2036,80,1,4590417,2.4
2036,85,1,2547386,1.3
2036,90,1,1698651,0.9
2037,15,1,10826217,5.7
2037,20,1,14221210,7.5
2037,25,1,15118129,8.1
2037,30,1,16127919,8.5
2037,35,1,16729837,8.9
2037,40,1,16534337,8.8
2037,45,1,16365907,8.7
2037,50,1,16656809,8.8
2037,55,1,15440584,8.2
2037,60,1,13038005,6.9
2037,65,1,11140218,6.0
2037,70,1,9476452,5.1
2037,75,1,7239774,3.9
2037,80,1,4785891,2.5
2037,85,1,2682408,1.4
2037,90,1,1797856,1.0
2038,15,1,10704987,5.7
2038,20,1,14047421,7.4
2038,25,1,14909232,7.9
2038,30,1,15909391,8.5
2038,35,1,16676759,8.8
2038,40,1,16543633,8.8
2038,45,1,16346853,8.7
2038,50,1,16493257,8.7
2038,55,1,15806494,8.4
2038,60,1,13373829,7.1
2038,65,1,11302384,6.0
2038,70,1,9613097,5.1
2038,75,1,7481399,3.9
2038,80,1,4982382,2.7
2038,85,1,2819390,1.5
2038,90,1,1904497,1.0
2039,15,1,10586324,5.6
2039,20,1,13879630,7.3
2039,25,1,14707900,7.7
2039,30,1,15688909,8.3
2039,35,1,16579544,8.8
2039,40,1,16556927,8.8
2039,45,1,16339154,8.6
2039,50,1,16325379,8.6
2039,55,1,16086494,8.5
2039,60,1,13727242,7.3
2039,65,1,11494014,6.0
2039,70,1,9743893,5.1
2039,75,1,7702507,4.1
2039,80,1,5181267,2.7
2039,85,1,2958912,1.6
2039,90,1,2017119,1.0
2040,15,1,10469587,5.5
2040,20,1,13717223,7.2
2040,25,1,14514616,7.7
2040,30,1,15468574,8.1
2040,35,1,16446050,8.6
2040,40,1,16563004,8.7
2040,45,1,16330262,8.6
2040,50,1,16202110,8.5
2040,55,1,16245849,8.6
2040,60,1,14087975,7.4
2040,65,1,11723912,6.2
2040,70,1,9879277,5.2
2040,75,1,7895309,4.1
2040,80,1,5382602,2.9
2040,85,1,3101112,1.6
2040,90,1,2134707,1.2
2041,15,1,10354383,5.5
2041,20,1,13559989,7.1
2041,25,1,14328948,7.5
2041,30,1,15250828,8.0
2041,35,1,16238572,8.5
2041,40,1,16597548,8.8
2041,45,1,16326988,8.5
2041,50,1,16115449,8.5
2041,55,1,16290085,8.6
2041,60,1,14455992,7.5
2041,65,1,11988470,6.3
2041,70,1,10018121,5.3
2041,75,1,8062549,4.2
2041,80,1,5585568,2.9
2041,85,1,3244949,1.7
2041,90,1,2257681,1.2
2042,15,1,10240955,5.3
2042,20,1,13407370,7.0
2042,25,1,14150490,7.4
2042,30,1,15037848,7.9
2042,35,1,16026837,8.4
2042,40,1,16589902,8.6
2042,45,1,16331692,8.5
2042,50,1,16068387,8.4
2042,55,1,16212032,8.5
2042,60,1,14837457,7.7
2042,65,1,12284471,6.4
2042,70,1,10159211,5.3
2042,75,1,8204729,4.3
2042,80,1,5790979,3.0
2042,85,1,3389292,1.8
2042,90,1,2386197,1.3
2043,15,1,10130048,5.3
2043,20,1,13258292,6.9
2043,25,1,13978611,7.3
2043,30,1,14831297,7.7
2043,35,1,15811039,8.3
2043,40,1,16538937,8.6
2043,45,1,16343125,8.5
2043,50,1,16052577,8.4
2043,55,1,16056561,8.4
2043,60,1,15193398,7.9
2043,65,1,12606015,6.6
2043,70,1,10313148,5.4
2043,75,1,8329685,4.3
2043,80,1,5991000,3.1
2043,85,1,3534611,1.8
2043,90,1,2519763,1.3
2044,15,1,10021848,5.3
2044,20,1,13112061,6.9
2044,25,1,13812624,7.2
2044,30,1,14632150,7.7
2044,35,1,15593141,8.1
2044,40,1,16444066,8.6
2044,45,1,16358374,8.5
2044,50,1,16047755,8.3
2044,55,1,15896880,8.2
2044,60,1,15466372,8.1
2044,65,1,12944170,6.8
2044,70,1,10494214,5.5
2044,75,1,8449660,4.4
2044,80,1,6174224,3.2
2044,85,1,3681914,1.9
2044,90,1,2657902,1.3
2045,15,1,9916057,5.1
2045,20,1,12968343,6.7
2045,25,1,13651928,7.1
2045,30,1,14440914,7.5
2045,35,1,15375357,8.0
2045,40,1,16313098,8.5
2045,45,1,16366372,8.5
2045,50,1,16041708,8.3
2045,55,1,15780523,8.2
2045,60,1,15622940,8.1
2045,65,1,13289296,7.0
2045,70,1,10710433,5.6
2045,75,1,8573526,4.5
2045,80,1,6334426,3.3
2045,85,1,3831184,2.0
2045,90,1,2800108,1.5
2046,15,1,9813396,5.1
2046,20,1,12826916,6.7
2046,25,1,13496274,7.1
2046,30,1,14257215,7.5
2046,35,1,15160126,7.9
2046,40,1,16108775,8.4
2046,45,1,16402468,8.5
2046,50,1,16041099,8.3
2046,55,1,15699652,8.2
2046,60,1,15668711,8.1
2046,65,1,13641306,7.1
2046,70,1,10958236,5.7
2046,75,1,8700284,4.5
2046,80,1,6474217,3.4
2046,85,1,3981766,2.1
2046,90,1,2946047,1.5
2047,15,1,9714739,5.1
2047,20,1,12687928,6.6
2047,25,1,13345138,6.9
2047,30,1,14080601,7.3
2047,35,1,14949550,7.8
2047,40,1,15900113,8.3
2047,45,1,16396676,8.5
2047,50,1,16048217,8.3
2047,55,1,15657070,8.2
2047,60,1,15597041,8.1
2047,65,1,14006000,7.2
2047,70,1,11234409,5.9
2047,75,1,8828862,4.6
2047,80,1,6594310,3.4
2047,85,1,4134205,2.1
2047,90,1,3095163,1.6
2048,15,1,9624535,5.0
2048,20,1,12551950,6.5
2048,25,1,13197508,6.9
2048,30,1,13910397,7.3
2048,35,1,14745284,7.7
2048,40,1,15687311,8.2
2048,45,1,16347910,8.5
2048,50,1,16061823,8.3
2048,55,1,15644667,8.2
2048,60,1,15451077,8.1
2048,65,1,14346277,7.4
2048,70,1,11533618,6.0
2048,75,1,8968671,4.7
2048,80,1,6700935,3.4
2048,85,1,4282622,2.3
2048,90,1,3247540,1.6
2049,15,1,9541275,4.9
2049,20,1,12418955,6.5
2049,25,1,13052682,6.7
2049,30,1,13746005,7.1
2049,35,1,14548273,7.5
2049,40,1,15472369,8.0
2049,45,1,16255673,8.4
2049,50,1,16078975,8.3
2049,55,1,15642798,8.2
2049,60,1,15301180,7.9
2049,65,1,14607597,7.6
2049,70,1,11848058,6.1
2049,75,1,9132372,4.8
2049,80,1,6803678,3.6
2049,85,1,4418641,2.3
2049,90,1,3403576,1.8
2050,15,1,9462294,4.9
2050,20,1,12289837,6.4
2050,25,1,12910300,6.7
2050,30,1,13586846,7.1
2050,35,1,14359020,7.5
2050,40,1,15257503,8.0
2050,45,1,16127682,8.4
2050,50,1,16088836,8.3
2050,55,1,15639650,8.2
2050,60,1,15192846,7.9
2050,65,1,14758459,7.6
2050,70,1,12169057,6.3
2050,75,1,9326963,4.8
2050,80,1,6909475,3.6
2050,85,1,4537819,2.4
2050,90,1,3562951,1.9
2051,15,1,9384753,4.9
2051,20,1,12165451,6.3
2051,25,1,12770155,6.7
2051,30,1,13432675,6.9
2051,35,1,14177223,7.4
2051,40,1,15045031,7.8
2051,45,1,15927207,8.2
2051,50,1,16126391,8.4
2051,55,1,15641658,8.2
2051,60,1,15118454,7.9
2051,65,1,14804562,7.8
2051,70,1,12496358,6.5
2051,75,1,9548937,5.0
2051,80,1,7017521,3.6
2051,85,1,4642443,2.4
2051,90,1,3725037,1.9
2052,15,1,9302253,4.9
2052,20,1,12049970,6.3
2052,25,1,12632412,6.5
2052,30,1,13282950,6.9
2052,35,1,14002390,7.3
2052,40,1,14837066,7.7
2052,45,1,15722308,8.2
2052,50,1,16122543,8.4
2052,55,1,15651080,8.2
2052,60,1,15080630,7.9
2052,65,1,14739995,7.6
2052,70,1,12835215,6.7
2052,75,1,9795119,5.1
2052,80,1,7126896,3.8
2052,85,1,4733432,2.5
2052,90,1,3889867,2.0
2053,15,1,9214863,4.9
2053,20,1,11941745,6.3
2053,25,1,12497576,6.5
2053,30,1,13136678,6.9
2053,35,1,13833871,7.3
2053,40,1,14635297,7.6
2053,45,1,15513229,8.1
2053,50,1,16076268,8.4
2053,55,1,15666720,8.2
2053,60,1,15071600,7.9
2053,65,1,14605569,7.6
2053,70,1,13151213,6.9
2053,75,1,10061095,5.2
2053,80,1,7245458,3.8
2053,85,1,4815189,2.5
2053,90,1,4053718,2.1
2054,15,1,9123177,4.7
2054,20,1,11839264,6.2
2054,25,1,12365684,6.5
2054,30,1,12993128,6.7
2054,35,1,13671146,7.1
2054,40,1,14440645,7.6
2054,45,1,15301953,8.0
2054,50,1,15987120,8.4
2054,55,1,15685692,8.2
2054,60,1,15072553,7.9
2054,65,1,14467646,7.6
2054,70,1,13393929,7.0
2054,75,1,10340433,5.4
2054,80,1,7383738,3.8
2054,85,1,4894324,2.6
2054,90,1,4211655,2.2
2055,15,1,9027813,4.7
2055,20,1,11739811,6.1
2055,25,1,12237630,6.5
2055,30,1,12851961,6.7
2055,35,1,13513537,7.1
2055,40,1,14253678,7.5
2055,45,1,15090608,7.9
2055,50,1,15862673,8.3
2055,55,1,15697402,8.2
2055,60,1,15072167,7.9
2055,65,1,14368993,7.6
2055,70,1,13534561,7.1
2055,75,1,10625693,5.6
2055,80,1,7547363,4.0
2055,85,1,4975618,2.6
2055,90,1,4361080,2.3
2056,15,1,8929615,4.8
2056,20,1,11640364,6.1
2056,25,1,12114247,6.3
2056,30,1,12712995,6.7
2056,35,1,13360813,7.1
2056,40,1,14074066,7.4
2056,45,1,14881530,7.8
2056,50,1,15667032,8.2
2056,55,1,15736134,8.3
2056,60,1,15076652,7.9
2056,65,1,14302260,7.5
2056,70,1,13578964,7.1
2056,75,1,10916465,5.8
2056,80,1,7733063,4.1
2056,85,1,5058451,2.6
2056,90,1,4503636,2.4
2057,15,1,8878257,4.7
2057,20,1,11534861,6.1
2057,25,1,11999714,6.3
2057,30,1,12576400,6.7
2057,35,1,13212515,6.9
2057,40,1,13901269,7.3
2057,45,1,14676869,7.8
2057,50,1,15466962,8.2
2057,55,1,15734177,8.3
2057,60,1,15088198,8.0
2057,65,1,14269745,7.5
2057,70,1,13522382,7.1
2057,75,1,11217207,5.9
2057,80,1,7937789,4.2
2057,85,1,5142135,2.8
2057,90,1,4640338,2.5
2058,15,1,8776536,4.7
2058,20,1,11423851,6.1
2058,25,1,11892355,6.3
2058,30,1,12442675,6.5
2058,35,1,13067627,6.9
2058,40,1,13734727,7.3
2058,45,1,14478252,7.6
2058,50,1,15262640,8.0
2058,55,1,15690644,8.3
2058,60,1,15105569,8.0
2058,65,1,14264145,7.5
2058,70,1,13402459,7.1
2058,75,1,11497236,6.1
2058,80,1,8158135,4.3
2058,85,1,5232638,2.8
2058,90,1,4771880,2.5
2059,15,1,8673092,4.6
2059,20,1,11307943,6.0
2059,25,1,11790692,6.3
2059,30,1,12311827,6.5
2059,35,1,12925372,6.9
2059,40,1,13573861,7.2
2059,45,1,14286647,7.6
2059,50,1,15056039,8.0
2059,55,1,15605163,8.3
2059,60,1,15126051,8.0
2059,65,1,14267823,7.6
2059,70,1,13279838,7.1
2059,75,1,11712016,6.2
2059,80,1,8389364,4.5
2059,85,1,5337832,2.8
2059,90,1,4899392,2.6
2060,15,1,8568748,4.5
2060,20,1,11187812,5.9
2060,25,1,11692041,6.3
2060,30,1,12184747,6.5
2060,35,1,12785474,6.8
2060,40,1,13417981,7.1
2060,45,1,14102602,7.5
2060,50,1,14849297,7.9
2060,55,1,15485087,8.3
2060,60,1,15139410,8.0
2060,65,1,14270191,7.6
2060,70,1,13193419,7.1
2060,75,1,11836481,6.3
2060,80,1,8625639,4.6
2060,85,1,5461797,2.9
2060,90,1,5024073,2.7
